province,Invasion,Chemical control,Mowing 1st,Waterlogging,Waterlogging 2,Mowing 2nd,Recurring,Bio Sub,date,No change,removal_rate
FJ,30.2258,0.1249,14.5809,0.0,0.0178,0.0,0.0,8.5439,2020-01-01,20870.1543,0.166487611861188
FJ,27.338,0.0,6.2308,0.0,0.0,0.0,0.0,6.2,2020-02-01,0.0,0.23694259651065863
FJ,63.0772,0.0,24.0677,0.0,0.0,0.0,3.3234,2.9448,2020-03-01,0.0,0.4715094800671449
FJ,23.3323,0.0,11.7015,0.0,0.0,0.0,0.8836,1.1092,2020-04-01,634.0281,0.5938332552548165
FJ,15.2753,0.0,7.2332,0.0,0.0,0.1337,1.273,0.2056,2020-05-01,0.0,0.66274023846008
FJ,5.4656,0.1603,11.6421,0.0,0.0,0.0089,1.0824,0.1342,2020-06-01,0.0,0.7840576430960033
FJ,15.8369,0.0,47.5827,0.0,0.0267,0.4866,0.6348,0.0717,2020-07-01,0.0,1.3207267895049446
FJ,12.4929,0.0,66.2219,0.0,0.0,0.9887,0.1169,0.5702,2020-08-01,0.0,2.079391102847561
FJ,6.1093,0.0,21.7278,0.0,0.0089,0.2935,0.476,0.4402,2020-09-01,0.0,2.323115958424915
FJ,11.5695,0.0,14.2842,0.0,0.0,0.1267,8.358,0.2611,2020-10-01,0.0,2.3915593327243023
FJ,18.5212,0.0178,14.4198,0.0,0.0,0.1355,6.7916,0.0985,2020-11-01,0.0,2.4795489107961033
FJ,9.3696,0.0,16.4406,0.0,0.0,0.5086,2.7002,0.2062,2020-12-01,0.0,2.640669966883624
FJ,3.1903,0.0,20.2317,0.0,0.0178,1.4478,1.0541,0.1621,2021-01-01,0.0,2.8740936587234645
FJ,3.9134,0.0,196.476,0.0,0.0,2.7734,2.1954,0.0541,2021-02-01,0.0,5.102288520557274
FJ,16.8483,0.0,149.2766,0.0,0.0,1.0521,5.0495,0.1159,2021-03-01,0.0,6.745038056072017
FJ,21.1614,0.0,40.166,0.0,0.0,0.41,8.7163,0.6977,2021-04-01,0.0,7.105292706267241
FJ,35.0191,0.0,11.7781,0.0,0.0,0.3571,9.4374,0.0715,2021-05-01,0.0,7.135798172272779
FJ,27.1269,0.0,62.9591,0.0,0.0,1.0865,4.0126,0.2249,2021-06-01,0.0,7.814623378259289
FJ,15.5469,0.0,76.1858,0.0,0.0,1.1286,2.8462,4.4515,2021-07-01,0.0,8.656675103218003
FJ,25.6075,0.0,45.2756,0.0357,0.0,1.0061,3.5246,8.9293,2021-08-01,0.0,9.14015247757687
FJ,27.9003,0.0356,22.1471,0.2407,0.0,1.4692,4.3754,11.8887,2021-09-01,0.0,9.358122162303594
FJ,13.3257,0.1259,10.3674,0.9686,0.5242,0.899,2.6449,4.6947,2021-10-01,0.0,9.462961097219802
FJ,4.0199,0.0,9.8676,0.0089,0.0808,0.4216,7.9026,0.5131,2021-11-01,0.0,9.490861307325105
FJ,26.1392,0.0,12.0337,0.0,0.0,0.6772,1.3475,0.278,2021-12-01,0.0,9.619353342467551
FJ,13.8117,0.0,11.0005,0.0267,0.0,0.1876,3.3344,1.8808,2022-01-01,0.0,9.708159324515043
FJ,59.5262,0.0,14.3209,0.0,0.0,0.2495,13.3026,1.3424,2022-02-01,0.0,9.722495016486942
FJ,72.5847,0.0,8.6678,0.0,0.0,0.0889,8.6913,3.7944,2022-03-01,0.0,9.723234529229464
FJ,35.0199,0.0,14.4922,0.0,0.0,0.1694,7.5086,1.4011,2022-04-01,0.0,9.804117322000472
FJ,30.1316,0.0,49.5374,0.0,0.0,3.4868,5.1299,4.4256,2022-05-01,0.0,10.345683761510083
FJ,11.4032,0.0,49.7725,0.0,0.0,8.3757,1.0107,11.2732,2022-06-01,0.0,10.991768001962088
FJ,3.4606,0.0,110.3415,0.0,0.0533,2.1152,0.576,8.3694,2022-07-01,0.0,12.25746554509496
FJ,1.7748,0.0,1035.5921,0.5697,0.08,7.8061,0.0801,7.2185,2022-08-01,0.0,24.05572533818291
FJ,1.2545,0.0634,3292.6022,0.7177,0.3185,19.8503,0.4504,24.3206,2022-09-01,0.0,61.51062099734486
FJ,6.2305,0.3687,1863.7861,1.418,0.0,13.1093,0.6898,43.8168,2022-10-01,0.0,82.73004924091956
FJ,5.4728,0.0358,1019.5526,2.9293,0.0,12.3696,1.0979,17.4184,2022-11-01,0.0,94.3865351690889
FJ,4.2238,0.6846,86.3546,0.0,0.0,1.3319,8.9498,15.2801,2022-12-01,0.0,95.28459424213568
FJ,1.2788,0.0978,31.5476,0.2759,0.3289,0.3601,12.8988,6.2252,2023-01-01,0.0,95.50436295556783
FJ,1.4158,0.0,25.4396,0.2046,0.1955,1.7522,10.3996,3.536,2023-02-01,0.0,95.69645195581332
FJ,0.5672,0.0,42.4962,0.1958,0.0,6.75,2.4181,3.6668,2023-03-01,0.0,96.22596230226374
FJ,1.7028,0.0,7.096,0.291,0.1546,1.7571,15.7799,18.2689,2023-04-01,0.0,96.14938541855008
FJ,3.685,0.0,9.3554,0.0,0.0,3.2207,22.1983,12.3483,2023-05-01,0.0,96.04058206211207
FJ,7.7862,0.0,8.4865,1.4045,0.0268,4.3578,9.2556,11.8619,2023-06-01,0.0,96.08146445233486
FJ,0.5296,0.0,31.1574,8.0343,0.8108,12.7695,3.0989,4.2175,2023-07-01,0.0,96.55229661109807
FJ,0.6816,0.2224,112.6156,17.8525,1.4587,16.3068,6.5244,5.5724,2023-08-01,0.0,97.95532528892731
FJ,3.2926,1.2722,93.8899,1.887,0.231,1.6049,16.0318,9.7224,2023-09-01,0.0,98.87085337169756
FJ,18.3919,0.0712,3.7056,1.4486,0.1511,0.1068,46.1062,24.648,2023-10-01,0.0,98.39512844284741
FJ,13.9617,0.2404,11.4487,4.0528,0.0178,1.3906,65.4618,11.9815,2023-11-01,0.0,97.80301732506486
FJ,2.3688,0.4007,1.0488,0.9632,0.0,1.0388,37.1065,5.7443,2023-12-01,0.0,97.41157084153274
FJ,0.7234,0.1423,7.0889,0.5478,0.0,1.3622,14.527,2.159,2024-01-01,0.0,97.34447645607405
FJ,0.5711,0.0,5.5137,0.4933,0.0,9.1732,5.6776,1.3569,2024-02-01,0.0,97.44634942474619
FJ,0.3671,0.0178,21.2306,0.0799,0.0,18.6361,27.45,14.1237,2024-03-01,0.0,97.58695295986584
FJ,2.1152,0.6138,5.8339,0.1621,0.0,8.1918,58.1588,4.4749,2024-04-01,0.0,97.0948569828717
FJ,1.3554,0.0889,16.3594,0.6315,0.0,14.9177,12.2221,5.3665,2024-05-01,0.0,97.31132728855167
FJ,0.7085,0.1602,5.4078,0.8278,0.0,22.4251,10.6269,0.8976,2024-06-01,0.0,97.50769619052562
FJ,0.7311,0.6138,3.151,1.0679,0.0178,29.4976,2.1102,1.4489,2024-07-01,0.0,97.86015203432154
FJ,0.7573,1.637,3.8894,0.2933,0.0,37.9674,0.4549,6.3464,2024-08-01,0.0,98.34681587184313
FJ,0.0896,33.305,10.2937,0.0,0.0979,44.7995,0.0447,8.1291,2024-09-01,0.0,99.34698311027526
FJ,0.0,11.0555,1.5779,0.0,0.0,9.573,0.1085,3.433,2024-10-01,0.0,99.59685587224568
FJ,0.1341,5.377,5.7926,0.0627,0.1903,7.3764,1.5277,2.8795,2024-11-01,0.0,99.79144270681566
FJ,0.0,0.0,0.0,0.0,0.0,0.0,0.0,0.0,2024-12-01,504.2977,99.79144270681566
GX,2.2526,0.0,5.5226,0.0,0.0,0.0,0.0,1.9736,2020-01-01,1044.9477,0.6938209905159587
GX,19.7749,0.0,0.6735,0.0,0.0,0.0,0.0,1.2335,2020-02-01,0.0,0.7784348385426965
GX,14.0171,0.0,0.2207,0.0,0.0,0.0,0.3138,4.6179,2020-03-01,0.0,0.766738403128775
GX,2.6935,0.0,1.1151,0.0,0.0,0.0,0.0738,4.1727,2020-04-01,747.983,0.897560080857418
GX,2.1715,0.0,1.4941,0.0,0.0,0.0,0.2032,5.1983,2020-05-01,0.0,1.0597397637345018
GX,3.5061,0.0,1.1505,0.0,0.0,0.0,0.4057,0.7838,2020-06-01,0.0,1.1533112470460516
GX,4.9931,0.0,5.0247,0.0,0.0,0.0,0.59,0.2767,2020-07-01,0.0,1.7104560604747299
GX,0.931,0.0,15.0992,0.0,0.0,0.0,0.0645,0.1661,2020-08-01,0.0,3.599311028444574
GX,3.5354,0.0,1.3078,0.0,0.0,0.0276,1.822,0.3591,2020-09-01,0.0,3.5381779943691294
GX,2.7905,0.0,6.9099,0.0,0.0,0.0,0.2485,0.7349,2020-10-01,0.0,4.37506988337486
GX,2.8519,0.0,1.6661,0.0,0.0,0.0,1.8018,0.6042,2020-11-01,0.0,4.358021480736052
GX,0.5226,0.0,2.4674,0.0,0.0,0.0092,2.9585,0.0737,2020-12-01,0.0,4.297478921917808
GX,0.5406,0.0,6.0371,0.0,0.0,0.0275,0.8691,0.0092,2021-01-01,0.0,4.950205347193171
GX,1.9158,0.0,8.435,0.0,0.0,0.1563,2.5783,0.1291,2021-02-01,0.0,5.705636777311662
GX,0.6561,0.0,8.5335,0.0,0.0,0.1567,1.4845,0.2121,2021-03-01,0.0,6.610910726422747
GX,2.4284,0.0,3.9968,0.0,0.0,0.2922,2.1333,0.1383,2021-04-01,0.0,6.88173785662507
GX,1.2359,0.0,3.0524,0.0,0.0,0.4665,0.6635,0.3965,2021-05-01,0.0,7.240470420330447
GX,1.0875,0.0,8.4217,0.0,0.0,2.8127,0.4138,2.6197,2021-06-01,0.0,8.599895222050113
GX,1.4597,0.0,6.8602,0.0,0.0,1.8088,1.4391,3.4193,2021-07-01,0.0,9.508209490570607
GX,0.7187,0.0,10.0069,0.0,0.0,1.63,1.1881,3.0781,2021-08-01,0.0,10.820923930454573
GX,2.1832,0.0,8.7401,0.0,0.0,0.1463,1.7394,6.3379,2021-09-01,0.0,11.718823220502305
GX,2.1731,0.0,8.6038,0.0,0.0,0.0183,0.7335,7.218,2021-10-01,0.0,12.70989196815453
GX,0.4334,0.0,8.6123,0.0,0.0,0.3785,0.1199,8.5576,2021-11-01,0.0,13.824370044562052
GX,0.7296,0.0,20.8556,0.0,0.0,0.5844,0.3049,9.6036,2021-12-01,0.0,16.47963676977371
GX,0.8197,0.0,4.5807,0.0,0.0,0.2852,1.0557,5.3454,2022-01-01,0.0,16.95832375381452
GX,0.2677,0.0,7.5259,0.0,0.0,0.358,0.5341,2.708,2022-02-01,0.0,17.88170142304535
GX,0.7973,0.0,15.1017,0.0,0.0,0.5058,0.7547,2.0494,2022-03-01,0.0,19.74770374223118
GX,0.5066,0.0,28.7697,0.0,0.0,0.5322,0.8661,1.0615,2022-04-01,0.0,23.320179554731403
GX,1.1349,0.0,10.8186,0.0,0.0,0.5689,1.19,3.9474,2022-05-01,0.0,24.601322413310058
GX,1.1801,0.0,30.941,0.0369,0.0,0.6684,0.5081,1.2354,2022-06-01,0.0,28.50867307646403
GX,2.0279,0.0,2.4057,0.0462,0.0,0.1939,0.5624,0.7468,2022-07-01,0.0,28.764612692202853
GX,1.7615,0.0,10.7356,0.0557,0.3049,0.7651,0.4417,2.5,2022-08-01,0.0,30.19229392099443
GX,0.5615,0.0,2.4614,0.0,0.1201,0.313,0.1199,6.5692,2022-09-01,0.0,30.54087533559724
GX,0.5811,0.0,1.3313,0.0,0.0,0.1477,0.1657,9.2301,2022-10-01,0.0,30.705869198423574
GX,0.129,0.0,3.4441,0.0,0.0554,0.304,0.1842,12.3632,2022-11-01,0.0,31.16057283637932
GX,0.1102,0.0,2.0109,0.0,0.0,0.074,0.1574,3.3009,2022-12-01,0.0,31.402730508348963
GX,0.0275,0.0,2.6665,0.0277,0.0,0.3128,0.0,1.4625,2023-01-01,0.0,31.77702900489845
GX,0.0368,0.0,2.6211,0.0924,0.1198,0.1108,0.1201,0.2581,2023-02-01,0.0,32.12020819906303
GX,0.1015,0.0,2.1009,0.0,0.3694,0.046,0.1758,1.5501,2023-03-01,0.0,32.414252313846426
GX,0.2304,0.0,1.224,0.462,0.0462,0.0,0.0462,1.8165,2023-04-01,0.0,32.56802714678588
GX,0.4317,0.0,0.9151,0.591,0.0,0.0,0.3321,4.7553,2023-05-01,0.0,32.64127120528564
GX,0.1283,0.0,3.5439,0.0184,0.0,0.1199,0.4622,2.8387,2023-06-01,0.0,33.04349792517047
GX,0.0092,0.0,6.9351,1.0996,0.0,0.5274,0.0923,0.8485,2023-07-01,0.0,33.969438508283645
GX,0.9498,0.0553,8.4748,0.8583,0.0369,0.1201,0.1196,1.2632,2023-08-01,0.0,35.045799522343216
GX,0.5988,0.0015,23.834,0.1845,0.0,0.2318,1.646,0.811,2023-09-01,0.0,37.86265545517475
GX,0.7011,0.0461,16.9084,0.2121,0.0,0.1858,0.7107,2.3046,2023-10-01,0.0,39.92675594150026
GX,0.5436,0.0,1.0531,0.0,0.0,0.0369,0.3875,0.9037,2023-11-01,0.0,40.01501314749696
GX,0.3136,0.0277,0.9519,0.0,0.0,0.9812,0.1383,0.0734,2023-12-01,0.0,40.24397935095463
GX,0.2859,0.0554,1.4952,0.0369,0.0,0.2961,0.12,0.1195,2024-01-01,0.0,40.46090990980804
GX,0.3317,0.0923,2.3914,0.0,0.0,0.0648,0.2493,0.6825,2024-02-01,0.0,40.74976538031003
GX,0.2486,0.0,0.5533,0.0,0.0,0.1752,1.2999,1.4479,2024-03-01,0.0,40.67797866499827
GX,0.691,0.0184,0.1384,0.0,0.0,0.7475,3.1854,2.2683,2024-04-01,0.0,40.39139715240165
GX,0.1741,0.0,0.1293,0.0553,0.0,0.4336,1.1908,2.315,2024-05-01,0.0,40.31251217070011
GX,0.1383,0.0,5.2466,0.0184,0.0,0.1752,0.1753,0.6549,2024-06-01,0.0,40.971645880681315
GX,0.0553,0.0,7.655,0.0,0.0,0.2962,0.3414,0.2767,2024-07-01,0.0,41.92768813860843
GX,0.0,0.0185,24.9378,0.0,0.0,1.3014,0.0553,0.9033,2024-08-01,0.0,45.21957513420749
GX,0.0,0.0743,25.1982,0.0,0.0,2.5294,0.0277,2.7224,2024-09-01,0.0,48.70893213177902
GX,0.0,0.0237,22.1232,0.0,0.0,0.0738,0.0,2.2521,2024-10-01,0.0,51.500586078101065
GX,0.0,0.0185,0.1385,0.0,0.0,0.0369,0.0461,0.3768,2024-11-01,0.0,51.51915464044456
GX,0.0,0.0,0.0,0.0,0.0,0.0,0.0,0.0,2024-12-01,93.7974,51.51915464044456
JS,50.0787,18.7272,91.8954,0.0,0.9409,0.0,0.0,2.4069,2020-01-01,15500.4103,0.41013680072296
JS,28.566,0.0506,43.6795,0.0,0.0249,0.0,0.0,0.8352,2020-02-01,325.6422,0.5709917014354199
JS,172.544,0.0,43.5744,0.0,0.299,0.0,19.3572,0.304,2020-03-01,0.0,0.6611197077626008
JS,58.1206,0.0,79.198,0.0,0.2614,0.0,5.862,0.1603,2020-04-01,0.5214,0.9316831283932708
JS,25.0179,1.0618,28.1887,0.0501,0.2991,0.2821,3.2028,0.2531,2020-05-01,0.0,1.0295779761953916
JS,320.0795,0.4298,33.6502,0.0,2.4001,0.9022,60.384,0.2447,2020-06-01,0.0,0.9450176706367641
JS,345.5633,8.2075,62.4181,0.0,1.5963,4.1235,36.0231,0.2191,2020-07-01,0.0,1.0932530623176595
JS,177.7202,3.2948,83.4878,0.0,5.862,3.0967,4.0992,0.2531,2020-08-01,0.0,1.4301535513264707
JS,131.6491,1.8032,84.4907,0.0,0.0083,1.8096,4.8896,0.1182,2020-09-01,0.0,1.7361002709715723
JS,107.1586,0.3036,19.5451,0.0,0.0084,0.3088,5.59,0.0422,2020-10-01,0.0,1.7896851172130217
JS,73.85,0.1851,26.2097,0.0,0.0,0.0586,16.799,0.0169,2020-11-01,0.0,1.8251772336211574
JS,31.4351,0.0843,25.876,0.0,0.0,0.3542,14.6406,0.0675,2020-12-01,0.0,1.8680935637646072
JS,28.5777,0.0084,15.3714,0.0,0.0423,1.4111,15.7162,0.0169,2021-01-01,0.0,1.8721999498712487
JS,29.3754,0.0,61.5565,0.0332,0.0166,3.9917,12.3377,0.0084,2021-02-01,0.0,2.067876784192166
JS,31.4266,0.0,107.1145,0.0,0.0,6.1525,7.0788,0.0,2021-03-01,0.0,2.45825256679606
JS,75.5863,0.0,64.3901,0.0,0.1099,6.664,16.7294,0.1007,2021-04-01,0.0,2.6583684890522954
JS,274.7584,0.0,69.3959,0.2759,0.1149,5.6832,26.216,0.0167,2021-05-01,0.0,2.8384245129831496
JS,305.6444,0.0,106.8339,0.8066,0.9267,5.2662,8.839,0.69,2021-06-01,0.0,3.2214462984807692
JS,551.109,0.4906,145.6275,2.8764,0.8988,3.0252,11.0156,2.3585,2021-07-01,0.0,3.732544318224785
JS,231.7053,0.3119,81.7507,2.0339,1.5542,1.7834,10.0552,9.6724,2021-08-01,0.0,4.009532376599351
JS,49.4572,0.118,205.3429,1.8995,0.0997,3.8211,8.8647,17.4793,2021-09-01,0.0,4.74668566482146
JS,109.4152,0.076,105.8777,2.2233,0.733,1.5602,30.4654,3.1846,2021-10-01,0.0,5.032630938727637
JS,62.1908,0.0084,135.4096,0.2782,0.0,3.3613,9.1497,0.9932,2021-11-01,0.0,5.509183479863381
JS,38.1129,0.0084,99.6205,0.0,0.0,8.2273,31.3086,0.766,2021-12-01,0.0,5.790592612483119
JS,69.727,0.0,49.0429,0.0672,0.1429,5.704,18.9913,1.7664,2022-01-01,0.0,5.922564950575347
JS,225.4558,0.0,43.2985,0.0165,0.0,7.1719,54.0512,2.2848,2022-02-01,0.0,5.909400986948994
JS,77.0193,0.0,30.6841,0.0083,0.0,1.0376,57.4902,6.5094,2022-03-01,0.0,5.81466919609062
JS,57.8376,0.0,59.2678,0.0498,0.0,1.3494,60.4896,6.3778,2022-04-01,0.0,5.8151382872877555
JS,85.3815,0.0,40.9596,0.0415,0.0,5.4686,4.6828,2.4823,2022-05-01,0.0,5.968605369271558
JS,252.6259,0.0,61.6558,1.1039,0.4867,22.2488,9.4567,7.3304,2022-06-01,0.0,6.244084689187624
JS,128.0108,0.0,78.2824,0.8155,0.3932,21.3574,8.9744,6.149,2022-07-01,0.0,6.578840078560585
JS,62.6993,0.0,76.698,1.7445,0.1499,22.3263,2.9774,9.2088,2022-08-01,0.0,6.932484844024081
JS,138.712,0.8176,65.7058,7.4269,0.8083,17.2271,7.2067,12.026,2022-09-01,0.0,7.216851530469049
JS,36.3802,4.7688,26.1012,0.5248,0.2576,3.667,4.3069,4.2642,2022-10-01,0.0,7.328932343095061
JS,130.8304,0.2612,37.7376,0.6586,0.1909,2.9159,15.2197,5.9976,2022-11-01,0.0,7.42409572726491
JS,35.6863,0.1264,33.4773,0.1831,0.0415,1.1163,10.2279,0.9917,2022-12-01,0.0,7.5142877005735444
JS,38.4329,0.1348,115.6554,1.1116,0.3573,2.5758,7.5786,0.6701,2023-01-01,0.0,7.92288488222626
JS,31.9991,0.0506,253.3347,0.4449,0.403,5.1744,4.3625,0.192,2023-02-01,0.0,8.858862253780817
JS,83.3725,0.0,180.6794,3.1006,0.0903,8.9004,4.5073,1.8022,2023-03-01,0.0,9.539569460034706
JS,87.0459,0.0,123.3403,2.067,2.1915,3.3483,5.05,1.5595,2023-04-01,0.0,9.994801512159327
JS,68.1815,0.0819,102.8257,10.0798,0.0839,4.8495,2.6433,4.7998,2023-05-01,0.0,10.381535955964095
JS,157.3138,0.4818,226.3628,29.9911,1.1503,8.18,3.0831,2.0075,2023-06-01,0.0,11.23844278594663
JS,18.917,0.1014,597.0437,27.5548,4.544,15.1221,4.191,0.74,2023-07-01,0.0,13.490595944338589
JS,72.8594,0.3603,1079.9426,36.9672,11.8521,21.4398,15.1363,1.8815,2023-08-01,0.0,17.52881861498754
JS,39.4459,32.0157,1950.443,59.3847,199.5795,38.7408,4.0651,0.8648,2023-09-01,0.0,25.67804257321869
JS,9.5318,39.7176,2868.6639,96.2011,611.0992,54.1864,1.8351,0.7662,2023-10-01,0.0,38.80903747029435
JS,3.2478,9.0346,1337.109,121.4951,1371.1372,34.1372,2.6439,1.0233,2023-11-01,0.0,48.91425481543089
JS,8.5511,7.2935,179.5799,128.573,345.7035,4.4627,23.7345,0.7315,2023-12-01,0.0,50.80129951650947
JS,4.5339,3.4886,94.0377,22.3945,12.6276,1.9644,32.6686,0.4365,2024-01-01,0.0,51.09337753285351
JS,1.5154,3.6652,235.2615,18.1201,1.2429,17.5976,36.918,0.4725,2024-02-01,0.0,51.9052773417536
JS,8.9419,7.0448,364.1098,39.737,14.836,48.2705,203.9009,0.7313,2024-03-01,0.0,52.75214209090455
JS,44.1184,5.3384,160.1556,106.1355,11.2387,10.4104,341.6967,3.3345,2024-04-01,0.0,52.18396236326768
JS,32.5259,1.4732,324.2584,265.5974,27.0937,29.6862,157.6846,1.8895,2024-05-01,0.0,53.01048524469808
JS,34.7939,6.0624,2083.399,515.6413,215.7801,92.8459,175.745,2.2163,2024-06-01,0.0,61.18040105091598
JS,2.0504,1.4436,1589.498,126.682,204.0001,55.8044,18.4853,4.0164,2024-07-01,0.0,67.91627418686184
JS,0.0673,36.7396,1251.8329,213.8155,323.4223,164.4226,1.27,3.9666,2024-08-01,0.0,74.44218342642213
JS,0.0084,640.2442,990.1026,120.2106,154.938,488.6225,0.3371,12.5992,2024-09-01,0.0,82.8004261137443
JS,0.0589,318.114,248.3747,53.3718,127.6541,55.3103,1.3061,3.3578,2024-10-01,0.0,85.55081147320759
JS,0.5948,107.0298,38.8265,18.1628,1.4387,5.2206,22.1745,4.9955,2024-11-01,0.0,86.02997967568162
JS,0.0,0.0,0.0,0.0,0.0,0.0,0.0,0.0,2024-12-01,4539.4325,86.02997967568162
SD,71.533,0.0711,45.3956,0.0,0.0,0.0,0.0,0.0,2020-01-01,4402.3806,0.4665905823549088
SD,10.4532,0.0,9.2862,0.0,0.0,0.0,0.0,0.0,2020-02-01,21.4074,0.5618878761075585
SD,12.1049,0.0,35.2113,0.0,0.0,0.0,4.5743,0.0,2020-03-01,0.0,0.8762923891161511
SD,12.3528,0.0,42.1405,0.0,0.0395,0.0,2.0515,0.0,2020-04-01,0.0,1.2881010355327405
SD,48.9074,0.0,3.7299,0.0,0.0,0.008,8.8083,0.0,2020-05-01,0.0,1.236067329792656
SD,409.8715,0.0,6.0558,0.0,0.0,0.3193,55.7287,0.0,2020-06-01,0.0,0.7295884130181562
SD,301.084,0.0,2.476,0.0,0.3158,0.1735,18.4619,0.3864,2020-07-01,0.0,0.5705584500227956
SD,133.1047,0.0,6.2284,0.0,0.2132,0.0952,0.6565,0.4025,2020-08-01,0.0,0.6309035509740823
SD,10.8724,0.0,13.416,0.0,6.8139,0.1587,0.1928,0.1047,2020-09-01,0.0,0.8381578729970807
SD,28.8049,0.0,5.3258,0.0,0.0316,0.0316,1.2115,0.0,2020-10-01,0.0,0.8810284168849658
SD,17.4867,0.0,0.5093,0.0,0.5211,0.0,3.8186,0.0,2020-11-01,0.0,0.8524152150972464
SD,18.09,0.0,3.5463,0.0,0.0,0.1273,3.5711,0.0,2020-12-01,0.0,0.8534670955876122
SD,2.6575,0.0,6.9674,0.0,0.0,0.3901,0.3263,0.0,2021-01-01,0.0,0.9256230185522019
SD,15.4735,0.0,1.3144,0.0,0.0,0.1117,1.9633,0.0,2021-02-01,0.0,0.9201101385578059
SD,16.0573,0.0,8.4414,0.0,0.0,0.5968,4.099,0.0,2021-03-01,0.0,0.970797437270221
SD,8.55,0.0,23.7915,0.0473,0.0,0.5836,0.4607,0.0,2021-04-01,0.0,1.2162129572588665
SD,86.2104,0.0,34.0444,0.1263,0.0,0.6374,1.1478,0.0,2021-05-01,0.0,1.5603472047122646
SD,164.0808,0.0,38.815,0.1342,0.0,1.3364,2.0564,0.0,2021-06-01,0.0,1.9512875684248199
SD,76.6857,0.0,93.1754,0.4182,0.134,1.2943,0.5455,0.0,2021-07-01,0.0,2.916536207830245
SD,103.4779,0.0,254.6305,1.6493,0.0,8.7649,0.5748,0.0402,2021-08-01,0.0,5.613666564967779
SD,53.606,0.0,3178.104,0.7023,0.1576,38.6592,4.0497,0.0642,2021-09-01,0.0,38.584948790865944
SD,52.2834,0.0,2350.6212,0.0946,0.1732,19.5799,0.8419,0.1045,2021-10-01,0.0,62.90167955040678
SD,8.8004,0.0,576.5857,0.2129,0.0394,7.8268,0.3982,0.0,2021-11-01,0.0,68.8953838660826
SD,4.1018,0.0,299.5893,0.0,0.0,3.164,0.6186,0.0,2021-12-01,0.0,71.99596529430642
SD,19.1819,0.0,29.6696,0.0,0.0,0.2454,12.0481,0.0965,2022-01-01,0.0,72.17931986536341
SD,27.8857,0.0,96.509,0.0079,0.0,1.02,26.735,0.008,2022-02-01,0.0,72.90582549887614
SD,14.8226,0.0,27.4365,0.0,0.0,1.6281,85.8494,0.0079,2022-03-01,0.0,72.32308575966245
SD,8.6598,0.0,25.22,0.0,0.0,6.3107,2498.9726,0.0,2022-04-01,0.0,47.001583362349834
SD,8.3982,0.0,51.7954,0.0473,0.0,9.2667,153.4421,0.0563,2022-05-01,0.0,46.05355682869012
SD,21.2976,0.0,30.8003,0.3548,0.0,32.8348,38.3277,0.0723,2022-06-01,0.0,46.313267661099076
SD,9.0786,0.0,44.5009,0.0394,0.0,220.9594,12.0451,0.37,2022-07-01,0.0,48.91387746444054
SD,4.4203,0.0,71.4083,0.5237,0.1115,1370.0845,3.6663,0.0642,2022-08-01,0.0,63.67035481622211
SD,0.8939,0.0,123.0186,0.364,0.4221,1115.572,4.003,0.8447,2022-09-01,0.0,76.34433148787315
SD,3.4118,0.0,55.9784,0.8629,0.0794,37.5536,1.8236,0.4344,2022-10-01,0.0,77.28628071786072
SD,4.0672,0.0,77.2156,1.9966,0.0,10.9742,8.9845,0.1609,2022-11-01,0.0,78.09910520375027
SD,3.5561,0.0,55.992,0.64,0.0,6.3182,11.4442,0.008,2022-12-01,0.0,78.62110474543825
SD,10.1596,0.0,70.4774,1.4881,0.0,7.8738,8.0591,0.0804,2023-01-01,0.0,79.34245975633522
SD,4.9309,0.0,24.1802,0.6083,0.0,1.2691,7.406,0.008,2023-02-01,0.0,79.5276245880605
SD,10.7554,0.0,52.8153,0.2855,0.0318,2.2809,6.1581,0.2333,2023-03-01,0.0,80.030165880014
SD,1.5537,0.0,73.2406,0.0631,0.1278,9.5152,5.8629,0.5712,2023-04-01,0.0,80.820571457423
SD,3.8661,0.0,42.3639,1.0743,0.567,5.3497,14.0638,0.1126,2023-05-01,0.0,81.17171276827955
SD,17.0674,0.0,31.7088,6.6034,1.4614,2.5154,2.6506,0.3379,2023-06-01,0.0,81.51072615363837
SD,0.2159,0.0,110.9176,33.9703,7.2171,19.5572,0.8019,0.0322,2023-07-01,0.0,82.91552537633461
SD,1.68,0.7366,443.2692,11.446,1.2229,27.3394,1.0942,0.4827,2023-08-01,0.0,87.75390778733296
SD,5.3943,3.3108,491.8485,4.0309,1.8621,14.7075,1.7523,0.1528,2023-09-01,0.0,92.98741448083337
SD,1.8698,0.2817,127.6661,3.9981,6.1096,3.5229,0.5379,0.0724,2023-10-01,0.0,94.39377767022943
SD,0.0079,0.1771,24.3081,0.7568,0.9188,1.3741,0.483,0.4424,2023-11-01,0.0,94.66362452566605
SD,3.804,0.0161,21.1169,7.0109,3.1501,0.9762,3.3812,0.2252,2023-12-01,0.0,94.88814302865435
SD,0.0322,0.0644,5.9575,1.0097,0.0398,0.6537,1.0456,0.1609,2024-01-01,0.0,94.94632792625713
SD,0.2638,1.6721,3.2694,5.4636,0.0719,0.3357,9.939,0.2172,2024-02-01,0.0,94.8992252310109
SD,0.3352,0.3186,1.3548,5.9303,0.1197,0.3356,17.478,0.0161,2024-03-01,0.0,94.74170689724708
SD,0.3981,1.3054,5.8591,4.2763,0.0,2.8868,29.5525,0.0803,2024-04-01,0.0,94.54158073316171
SD,0.8168,0.0,8.5783,8.4477,0.0,5.1424,11.3363,0.1045,2024-05-01,0.0,94.56605003892984
SD,0.1361,0.0,5.4625,19.0943,0.7726,6.4901,0.9259,0.1126,2024-06-01,0.0,94.68713738985657
SD,0.0079,0.4777,1.1534,11.3837,0.032,6.5741,1.89,0.0241,2024-07-01,0.0,94.75227393471958
SD,0.3444,10.5123,1.7992,0.5353,0.0,7.6132,2.1916,0.2011,2024-08-01,0.0,94.93425541690232
SD,0.0,31.9427,14.2012,0.1029,0.0,37.7023,0.008,7.1191,2024-09-01,0.0,95.7946238747316
SD,0.0,17.7616,10.0068,1.6385,0.0,2.6714,0.2007,1.0761,2024-10-01,0.0,96.10494503898784
SD,0.008,4.7864,1.2274,9.4954,0.0,0.9058,0.471,0.2005,2024-11-01,0.0,96.17112217586765
SD,0.0,0.0,0.0,0.0,0.0,0.0,0.0,0.0,2024-12-01,1362.6624,96.17112217586765
SH,56.5083,4.1864,208.2926,0.0,0.0,0.0,0.0,0.7253,2020-01-01,4654.042,1.24253716898316
SH,37.935,0.0,5.0123,0.0,0.0,0.0,0.0,1.7598,2020-02-01,1966.1776,1.2718481552551952
SH,68.8153,0.0,19.0337,0.0,0.0,0.0,47.4285,2.5971,2020-03-01,0.0,1.1058007133628478
SH,119.8064,0.0,36.0116,0.0,0.0,0.0,48.9507,1.6296,2020-04-01,0.9929,1.0301352938004937
SH,166.9809,0.0,5.26,0.0,0.0,0.0,23.9164,0.0085,2020-05-01,0.0,0.9210361807614698
SH,398.6268,0.2047,29.8001,0.0,0.0594,1.9357,76.944,0.5114,2020-06-01,0.0,0.6582115497320684
SH,335.9382,0.872,68.1135,0.0,0.0,6.9445,25.4175,0.3146,2020-07-01,0.0,0.9535991350852702
SH,16.5354,0.1019,116.0211,0.0,0.0,1.4312,0.1623,0.1712,2020-08-01,0.0,1.640084854085988
SH,50.129,0.0,54.6956,0.0,0.0,0.2986,2.3672,0.0424,2020-09-01,0.0,1.947837637147265
SH,123.0358,0.017,20.1835,0.0,0.0,0.0085,24.1716,0.0085,2020-10-01,0.0,1.9246650987514102
SH,122.542,0.0595,12.0075,0.0,0.0,0.0086,22.9998,0.0,2020-11-01,0.0,1.8607824348580104
SH,158.1268,0.0171,5.189,0.0,0.0,0.5807,17.2247,0.0,2020-12-01,0.0,1.7938957501262731
SH,17.3468,0.017,5.2904,0.0,0.0,0.1538,7.7955,0.0,2021-01-01,0.0,1.7802452034202165
SH,5.2065,0.0,81.4269,0.0,0.0,2.3621,3.4872,0.0255,2021-02-01,0.0,2.249835003994649
SH,17.9756,0.0,50.84,0.0,0.0,7.6628,5.9507,0.1196,2021-03-01,0.0,2.5571497859642522
SH,149.5831,0.0,16.1515,0.0,0.0,0.8194,44.6547,0.1189,2021-04-01,0.0,2.39526013814636
SH,451.2269,0.0,7.0246,0.0,0.0,0.8114,54.8506,0.0255,2021-05-01,0.0,2.1203276131209536
SH,196.9739,0.0,121.0653,0.0,0.0,0.1788,17.0833,0.8719,2021-06-01,0.0,2.7294403515610743
SH,78.8818,0.017,36.1808,0.3396,0.0,2.9623,12.5835,1.919,2021-07-01,0.0,2.884855302333611
SH,82.5164,0.0,70.7231,2.5218,0.0,6.745,8.0482,2.7168,2021-08-01,0.0,3.2908098014469145
SH,14.4956,0.0,32.2767,0.0,0.0,3.4967,1.2499,1.6453,2021-09-01,0.0,3.492696726523692
SH,19.1404,0.0,46.0035,0.5693,0.0,8.2427,3.7546,0.2817,2021-10-01,0.0,3.7879620926136615
SH,8.8882,0.0,52.6232,0.0085,0.0,6.5898,2.6709,0.0255,2021-11-01,0.0,4.11860964301799
SH,4.6577,0.0,43.8594,0.0,0.0,2.5727,2.1642,0.1275,2021-12-01,0.0,4.377479983817933
SH,13.4002,0.0,12.8737,0.0,0.0,0.7897,8.2967,0.1191,2022-01-01,0.0,4.4088634345343936
SH,22.8413,0.0,11.1166,0.0,0.0,0.9179,24.2755,0.4437,2022-02-01,0.0,4.337280372276364
SH,21.6477,0.0,2.6454,0.0,0.0,0.2045,27.3644,0.3162,2022-03-01,0.0,4.193924193882093
SH,120.7607,0.0,6.2721,0.0,0.0,0.1703,59.3184,1.9645,2022-04-01,0.0,3.8847153057230077
SH,232.3925,0.0,28.9095,0.0,0.0,2.423,30.311,2.7512,2022-05-01,0.0,3.8906888453109967
SH,250.214,0.0,52.353,0.0,0.0,2.7778,28.3309,4.1304,2022-06-01,0.0,4.047409612422259
SH,76.4888,0.0,58.6949,0.5348,0.0,2.3285,19.5156,7.667,2022-07-01,0.0,4.2901394083207585
SH,9.3606,0.0,126.5918,0.8914,0.0,12.0341,11.6958,5.8474,2022-08-01,0.0,5.032402724284923
SH,5.071,0.0,109.2093,1.1206,0.0,22.3893,2.0268,5.0748,2022-09-01,0.0,5.790114204252594
SH,7.6434,0.0,68.6893,0.1362,0.0,12.8636,16.2698,2.7109,2022-10-01,0.0,6.1718774761827415
SH,5.6643,0.0,31.7588,0.9844,4.0928,4.9346,6.6611,2.1043,2022-11-01,0.0,6.371434633103035
SH,6.191,0.0,3.8731,0.0339,0.0,1.9056,9.3832,0.5392,2022-12-01,0.0,6.350356196054674
SH,49.034,0.0425,5.3357,0.0,0.0,0.7743,76.8169,0.0086,2023-01-01,0.0,5.937124095358159
SH,38.8844,0.0,9.5628,0.0,0.0,1.1474,29.5242,0.0085,2023-02-01,0.0,5.827103367205034
SH,59.1272,0.0,39.9337,0.0085,0.0,4.9246,20.3004,2.4549,2023-03-01,0.0,5.970713340624389
SH,78.855,0.0,56.419,0.0,0.0,4.7024,31.8534,1.8685,2023-04-01,0.0,6.141867091638831
SH,90.3511,0.0,76.4235,0.0339,0.0,8.7037,4.729,0.8519,2023-05-01,0.0,6.612020621255132
SH,144.0988,0.0,102.3229,0.0,0.0,13.5671,3.7036,4.1223,2023-06-01,0.0,7.268065556775416
SH,7.5381,0.0,91.993,0.6537,0.0594,8.1678,2.6704,1.6046,2023-07-01,0.0,7.8385184124782015
SH,17.2025,1.5623,309.6761,2.8866,0.0,46.811,0.8262,4.2697,2023-08-01,0.0,9.927492398722038
SH,47.3034,398.8174,195.4993,0.9949,0.034,13.7808,3.0422,2.5596,2023-09-01,0.0,13.465940649156217
SH,21.6053,35.4479,83.6885,0.1528,0.034,5.3491,33.49,3.4596,2023-10-01,0.0,13.998264018637208
SH,6.2786,5.9317,54.6774,0.0679,0.0769,12.8891,13.6856,0.9656,2023-11-01,0.0,14.34848653371784
SH,18.813,3.0308,16.1101,0.0255,0.0,6.3964,11.2419,2.2465,2023-12-01,0.0,14.432083340204516
SH,54.3476,2.6532,3.6003,0.0,0.0,2.6435,18.998,0.6725,2024-01-01,0.0,14.373014594851341
SH,0.2477,1.5111,18.0934,0.0,0.0,4.2427,5.6149,0.2722,2024-02-01,0.0,14.479633650974765
SH,5.4602,2.0401,13.9933,0.0,0.4614,1.0149,19.2384,4.0447,2024-03-01,0.0,14.469524538996549
SH,375.4139,47.5709,27.6806,0.0085,0.0171,0.758,132.4658,3.1661,2024-04-01,0.0,14.139478728409738
SH,86.8816,34.4997,24.0694,0.0085,1.7772,9.5318,14.3999,1.1837,2024-05-01,0.0,14.463904792012638
SH,44.7939,107.6747,43.1527,0.0,0.0,11.5008,6.6964,0.5606,2024-06-01,0.0,15.374010243260782
SH,1.4499,34.6031,16.8447,0.0,0.0,4.9798,1.189,0.6127,2024-07-01,0.0,15.697035171195283
SH,0.017,2184.4248,44.7211,0.0,0.0,23.9501,0.0,1.7222,2024-08-01,0.0,28.87271618102346
SH,0.0,5735.9906,437.8591,0.0683,0.0,60.5178,0.0341,4.4032,2024-09-01,0.0,65.32992359132358
SH,0.0,1375.8837,181.6342,0.0,0.2138,43.2545,0.2038,3.5418,2024-10-01,0.0,74.69099753959173
SH,0.0,91.2405,18.054,0.0,0.0,2.7934,3.4706,3.4129,2024-11-01,0.0,75.32617105059562
SH,0.0,0.0,0.0,0.0,0.0,0.0,0.0,0.0,2024-12-01,9682.3391,75.32617105059562
ZJ,121.0262,6.5507,91.9966,0.0,0.9294,0.0,0.0,9.2603,2020-01-01,17335.5665,0.44659389476734423
ZJ,133.0997,0.0,42.1129,0.0,0.0,0.0,0.0,7.562,2020-02-01,59.7219,0.6356569017925917
ZJ,280.9711,0.0,37.7666,0.0,0.0257,0.0,29.2682,11.1777,2020-03-01,0.0,0.6739252703491183
ZJ,343.7111,0.0,23.3968,0.0,0.648,0.0,20.0955,3.093,2020-04-01,144.6344,0.6916553847236773
ZJ,556.0011,0.1384,16.1895,0.0,2.725,0.6793,30.9626,0.9572,2020-05-01,0.0,0.6412372659502008
ZJ,567.9652,0.6316,53.2044,0.0,0.7133,0.4221,19.265,1.135,2020-06-01,0.0,0.8015387259314832
ZJ,417.0222,1.6472,175.3219,0.0,0.5974,4.703,4.6936,2.8149,2020-07-01,0.0,1.5987536797630653
ZJ,62.1945,0.0702,875.3806,0.0,0.3054,11.6161,0.68,2.7401,2020-08-01,0.0,5.579498595077103
ZJ,67.9421,0.1396,261.6185,0.0,0.1228,0.8712,2.1244,2.8741,2020-09-01,0.0,6.7495689696196575
ZJ,70.6449,0.5424,115.2154,0.0087,0.1037,0.1392,65.9443,0.4829,2020-10-01,0.0,6.9742937808974
ZJ,52.4728,1.8617,73.2493,0.8598,0.0958,0.2711,76.4889,0.0262,2020-11-01,0.0,6.969754964997687
ZJ,42.5297,0.2536,49.4951,0.6019,0.3974,0.6619,51.6473,0.0172,2020-12-01,0.0,6.965986984597472
ZJ,53.0462,0.1141,54.6098,0.4903,2.0768,1.4418,126.1267,0.1046,2021-01-01,0.0,6.661225474905597
ZJ,54.5794,0.4108,144.931,0.7938,1.6707,2.6829,61.1605,1.2738,2021-02-01,0.0,7.058696901016825
ZJ,149.9355,0.0,97.7169,0.3382,0.2282,4.8726,82.6309,2.2689,2021-03-01,0.0,7.149324169863592
ZJ,293.772,0.0,62.6965,1.7385,0.0,1.3494,107.691,0.7784,2021-04-01,0.0,6.9533824549041
ZJ,322.5762,0.0,57.986,17.7693,0.0344,5.3196,56.9287,1.2189,2021-05-01,0.0,6.982165551222352
ZJ,238.3004,0.0,83.522,22.4964,3.7343,2.5829,50.4559,4.7722,2021-06-01,0.0,7.158974204261625
ZJ,290.9055,0.088,141.3738,3.0305,2.3438,2.411,46.3729,18.6954,2021-07-01,0.0,7.607215720626581
ZJ,207.3918,0.1672,142.7684,3.4877,3.4645,5.2446,18.4255,28.627,2021-08-01,0.0,8.20529427958352
ZJ,203.7458,0.5158,59.1343,7.4182,0.8607,3.1973,20.3838,16.9512,2021-09-01,0.0,8.399795784710552
ZJ,169.8565,0.1837,93.6041,15.5641,2.9746,2.3217,31.3958,11.3447,2021-10-01,0.0,8.703677814644994
ZJ,82.1395,0.0,76.5717,1.5611,1.6689,4.8987,11.3871,1.6355,2021-11-01,0.0,9.025804447877961
ZJ,38.4284,0.0,124.9334,0.0177,0.0172,5.1485,3.4984,5.4375,2021-12-01,0.0,9.59416970017597
ZJ,121.2356,0.0,70.6005,0.0,0.0,4.1541,7.9551,6.2291,2022-01-01,0.0,9.894061522818964
ZJ,84.3747,0.0,90.4091,0.0,0.0,1.1304,16.0517,5.7469,2022-02-01,0.0,10.232958878776898
ZJ,84.1914,0.0,64.7739,0.0,0.0172,1.7299,64.1473,3.8331,2022-03-01,0.0,10.243615443862087
ZJ,85.4926,0.0,85.6755,0.0263,0.1053,1.4914,63.3123,9.7666,2022-04-01,0.0,10.351181789139275
ZJ,156.7047,0.0,182.6934,0.1044,0.0871,9.7345,36.3152,14.3806,2022-05-01,0.0,11.052430192472718
ZJ,259.7643,0.0,110.7219,1.4714,0.0174,22.8245,23.6977,13.5602,2022-06-01,0.0,11.54566659357872
ZJ,341.5055,0.0,100.4241,3.5238,0.149,12.0966,6.9721,7.663,2022-07-01,0.0,12.020188796783703
ZJ,168.7013,0.0176,114.1959,8.5121,2.2389,17.3928,13.1982,18.255,2022-08-01,0.0,12.561825316913511
ZJ,64.9083,0.3766,247.746,6.3767,1.0436,16.8963,20.9583,17.9964,2022-09-01,0.0,13.66220399153616
ZJ,34.419,6.5568,171.669,10.0476,2.6849,10.5126,32.3032,15.0404,2022-10-01,0.0,14.376562883565857
ZJ,59.8307,6.7519,139.6034,20.3546,0.7895,5.5212,28.2993,15.6944,2022-11-01,0.0,14.934898744449498
ZJ,32.9809,1.3385,116.1942,5.3006,2.1756,3.2053,36.1854,3.2617,2022-12-01,0.0,15.32425911350236
ZJ,55.1419,1.0217,113.2307,9.7031,2.8336,2.8579,35.3495,2.4961,2023-01-01,0.0,15.704039932241908
ZJ,24.074,0.3348,66.5102,7.9718,5.0982,4.9908,12.6589,2.2137,2023-02-01,0.0,15.99259863237531
ZJ,55.9993,0.3342,101.3014,10.4527,3.4557,8.1069,10.46,5.7178,2023-03-01,0.0,16.45383481008714
ZJ,142.3892,0.0,104.8686,8.311,2.0939,30.8715,12.1709,4.4625,2023-04-01,0.0,17.017990770804982
ZJ,56.1386,0.0,139.1382,8.9814,1.805,16.7009,13.1921,3.0541,2023-05-01,0.0,17.666498223172546
ZJ,63.002,0.0264,201.2455,15.3008,4.4119,24.8328,16.7763,5.3136,2023-06-01,0.0,18.626070796908323
ZJ,38.3326,0.2105,2252.078,27.554,3.4418,105.8802,11.6344,12.3501,2023-07-01,0.0,29.17612904280099
ZJ,22.0755,11.1611,4360.2761,31.619,37.0683,127.3935,15.9405,4.9523,2023-08-01,0.0,49.46817603171192
ZJ,18.5901,116.8174,2560.023,14.5705,35.0189,135.0512,22.9325,4.2738,2023-09-01,0.0,62.14623364477423
ZJ,22.4709,46.2739,654.0259,7.2177,25.7459,33.1442,39.7045,3.8225,2023-10-01,0.0,65.37631452817953
ZJ,1.777,7.3299,765.6391,24.2782,33.1224,41.6469,23.3067,4.0501,2023-11-01,0.0,69.07754425547526
ZJ,1.3792,10.5965,672.0333,111.133,42.6286,47.2562,20.0675,5.4299,2023-12-01,0.0,72.4556044544505
ZJ,4.3498,15.518,157.2206,818.5722,72.9318,20.1093,17.3045,3.9557,2024-01-01,0.0,73.57111700483763
ZJ,1.0559,7.0074,118.5362,190.2725,1.8709,11.4008,43.5058,1.7962,2024-02-01,0.0,73.99900253796578
ZJ,13.1881,10.9371,93.0536,87.5623,1.3569,7.9967,284.855,9.4738,2024-03-01,0.0,73.22901688798669
ZJ,139.2598,7.9543,131.1819,163.094,6.8311,12.8942,956.234,12.3535,2024-04-01,0.0,69.64926715407533
ZJ,80.9546,6.3993,429.5588,331.9827,93.989,40.6361,257.2753,7.4323,2024-05-01,0.0,71.05584171196054
ZJ,32.887,0.3421,515.6091,256.1549,141.9152,61.8186,49.8248,2.6848,2024-06-01,0.0,74.06313362722952
ZJ,27.7237,4.4401,415.4361,47.8492,26.1717,78.414,22.0514,4.1837,2024-07-01,0.0,76.3186714764647
ZJ,0.988,54.9517,486.1909,91.2494,18.3374,340.5531,1.9945,15.0311,2024-08-01,0.0,80.35035483573796
ZJ,0.1905,534.0396,803.2613,32.8763,15.9433,760.5564,0.6747,29.4466,2024-09-01,0.0,89.83709017994182
ZJ,0.0525,305.6274,192.3915,23.3945,18.9716,149.6365,2.3591,24.4727,2024-10-01,0.0,92.8192758438202
ZJ,0.2015,104.5172,58.4036,34.0265,4.6041,26.4993,30.463,8.2392,2024-11-01,0.0,93.55357275295391
ZJ,0.0,0.0,0.0,0.0,0.0,0.0,0.0,0.0,2024-12-01,3975.0711,93.55357275295391
