system:index,bands_value,label,latitude,longitude,system:time_start,.geo
0_2020_01,"{B2=820.0, B3=899.0, B4=1002.5, B5=1136.5, B6=1224.5, B7=1364.5, B8=1520.0, B8A=1496.5, B11=1271.5, B12=841.0, VV=-8.215945748114919, VH=-14.494268107537927}",1,36.641985025971785,120.86885186160842,2020-01-01T00:00:00,"{""type"":""MultiPoint"",""coordinates"":[]}"
0_2020_02,"{B2=886.0, B3=936.5, B4=1060.0, B5=1261.5, B6=1343.0, B7=1436.5, B8=1564.0, B8A=1546.0, B11=1527.0, B12=1028.0, VV=-8.05434371655548, VH=-13.700834830382764}",1,36.641985025971785,120.86885186160842,2020-02-01T00:00:00,"{""type"":""MultiPoint"",""coordinates"":[]}"
0_2020_03,"{B2=936.0, B3=1036.0, B4=1136.0, B5=1305.0, B6=1344.0, B7=1413.0, B8=1554.0, B8A=1538.0, B11=1636.0, B12=1222.0, VV=-7.702317259457789, VH=-13.312716360220813}",1,36.641985025971785,120.86885186160842,2020-03-01T00:00:00,"{""type"":""MultiPoint"",""coordinates"":[]}"
0_2020_04,"{B2=826.5, B3=977.0, B4=1074.0, B5=1250.0, B6=1354.0, B7=1426.0, B8=1582.0, B8A=1494.5, B11=1762.0, B12=1355.5, VV=-7.661820620932799, VH=-14.29364560156551}",1,36.641985025971785,120.86885186160842,2020-04-01T00:00:00,"{""type"":""MultiPoint"",""coordinates"":[]}"
0_2020_05,"{B2=877.0, B3=1034.0, B4=985.0, B5=1261.0, B6=1394.0, B7=1497.0, B8=1596.0, B8A=1545.0, B11=1703.0, B12=1239.0, VV=-5.9727656865352365, VH=-13.588107447298889}",1,36.641985025971785,120.86885186160842,2020-05-01T00:00:00,"{""type"":""MultiPoint"",""coordinates"":[]}"
0_2020_06,"{B2=1120.0, B3=1198.0, B4=1092.0, B5=1313.0, B6=1546.0, B7=1711.0, B8=1670.0, B8A=1708.5, B11=1418.0, B12=1050.0, VV=-7.376132382096458, VH=-13.582001652170721}",1,36.641985025971785,120.86885186160842,2020-06-01T00:00:00,"{""type"":""MultiPoint"",""coordinates"":[]}"
0_2020_07,"{B2=608.5, B3=781.0, B4=719.5, B5=976.5, B6=1586.0, B7=1867.5, B8=1874.0, B8A=1864.5, B11=1377.0, B12=837.5, VV=-7.232107749728858, VH=-15.131475358945952}",1,36.641985025971785,120.86885186160842,2020-07-01T00:00:00,"{""type"":""MultiPoint"",""coordinates"":[]}"
0_2020_08,"{B2=882.5, B3=1006.0, B4=828.5, B5=1160.0, B6=1944.5, B7=2382.0, B8=2299.0, B8A=2460.5, B11=1402.0, B12=772.0, VV=-10.262447937350881, VH=-14.592136169582655}",1,36.641985025971785,120.86885186160842,2020-08-01T00:00:00,"{""type"":""MultiPoint"",""coordinates"":[]}"
0_2020_09,"{B2=606.0, B3=835.5, B4=685.5, B5=1047.0, B6=2132.5, B7=2506.5, B8=2649.0, B8A=2591.0, B11=1304.0, B12=694.5, VV=-8.1241533563024, VH=-15.392480166494888}",1,36.641985025971785,120.86885186160842,2020-09-01T00:00:00,"{""type"":""MultiPoint"",""coordinates"":[]}"
0_2020_10,"{B2=670.5, B3=867.5, B4=748.0, B5=1028.0, B6=1857.5, B7=2138.5, B8=2167.0, B8A=2256.5, B11=1198.0, B12=677.0, VV=-7.8443976605405465, VH=-13.836255397615542}",1,36.641985025971785,120.86885186160842,2020-10-01T00:00:00,"{""type"":""MultiPoint"",""coordinates"":[]}"
0_2020_11,"{B2=501.5, B3=719.5, B4=689.0, B5=1053.5, B6=1909.5, B7=2085.5, B8=2200.5, B8A=2207.5, B11=1221.0, B12=684.0, VV=-7.847622929867123, VH=-14.072552827718702}",1,36.641985025971785,120.86885186160842,2020-11-01T00:00:00,"{""type"":""MultiPoint"",""coordinates"":[]}"
0_2020_12,"{B2=526.5, B3=657.5, B4=840.0, B5=1126.0, B6=1671.5, B7=1909.0, B8=2177.0, B8A=2057.5, B11=1139.5, B12=624.5, VV=-9.950859672008983, VH=-16.53371698967667}",1,36.641985025971785,120.86885186160842,2020-12-01T00:00:00,"{""type"":""MultiPoint"",""coordinates"":[]}"
0_2021_01,"{B2=1378.0, B3=1547.0, B4=2000.0, B5=2141.5, B6=2218.5, B7=2354.0, B8=2726.0, B8A=2482.0, B11=1027.0, B12=729.0, VV=-10.670677866613111, VH=-18.008161237006078}",1,36.641985025971785,120.86885186160842,2021-01-01T00:00:00,"{""type"":""MultiPoint"",""coordinates"":[]}"
0_2021_02,"{B2=711.0, B3=831.0, B4=1164.0, B5=1373.0, B6=1451.0, B7=1574.0, B8=1786.0, B8A=1752.0, B11=1390.0, B12=882.0, VV=-9.097720941275162, VH=-14.192324013690344}",1,36.641985025971785,120.86885186160842,2021-02-01T00:00:00,"{""type"":""MultiPoint"",""coordinates"":[]}"
0_2021_03,"{B2=779.0, B3=984.0, B4=1288.0, B5=1449.0, B6=1509.0, B7=1632.0, B8=1820.0, B8A=1756.0, B11=1687.0, B12=1161.0, VV=-9.453984264709133, VH=-13.804825247028147}",1,36.641985025971785,120.86885186160842,2021-03-01T00:00:00,"{""type"":""MultiPoint"",""coordinates"":[]}"
0_2021_04,"{B2=602.0, B3=832.5, B4=1162.0, B5=1361.0, B6=1480.0, B7=1596.5, B8=1780.0, B8A=1754.5, B11=1927.5, B12=1407.0, VV=-8.687460149098849, VH=-14.679972604787464}",1,36.641985025971785,120.86885186160842,2021-04-01T00:00:00,"{""type"":""MultiPoint"",""coordinates"":[]}"
0_2021_05,"{B2=734.5, B3=885.0, B4=1039.0, B5=1241.0, B6=1368.5, B7=1485.5, B8=1614.0, B8A=1574.0, B11=1794.5, B12=1380.5, VV=-7.8825426380223025, VH=-14.305884621355439}",1,36.641985025971785,120.86885186160842,2021-05-01T00:00:00,"{""type"":""MultiPoint"",""coordinates"":[]}"
0_2021_06,"{B2=770.5, B3=885.5, B4=889.0, B5=1101.5, B6=1482.5, B7=1635.0, B8=1679.0, B8A=1692.0, B11=1660.5, B12=1249.0, VV=-9.044652815357402, VH=-13.808728079729171}",1,36.641985025971785,120.86885186160842,2021-06-01T00:00:00,"{""type"":""MultiPoint"",""coordinates"":[]}"
0_2021_07,"{B2=622.5, B3=782.5, B4=614.0, B5=982.5, B6=1929.0, B7=2318.0, B8=2419.0, B8A=2304.5, B11=1495.5, B12=934.5, VV=-7.347154023016698, VH=-12.145615127025081}",1,36.641985025971785,120.86885186160842,2021-07-01T00:00:00,"{""type"":""MultiPoint"",""coordinates"":[]}"
0_2021_08,"{B2=755.5, B3=945.0, B4=706.0, B5=1128.5, B6=2086.0, B7=2380.5, B8=2586.0, B8A=2489.5, B11=1464.5, B12=853.5, VV=-10.289744055706416, VH=-14.702713045157484}",1,36.641985025971785,120.86885186160842,2021-08-01T00:00:00,"{""type"":""MultiPoint"",""coordinates"":[]}"
0_2021_09,"{B2=629.5, B3=839.5, B4=719.5, B5=1071.5, B6=1718.0, B7=1970.5, B8=2239.0, B8A=2120.0, B11=1506.0, B12=947.5, VV=-8.456989904681219, VH=-12.987044372178305}",1,36.641985025971785,120.86885186160842,2021-09-01T00:00:00,"{""type"":""MultiPoint"",""coordinates"":[]}"
0_2021_10,"{B2=588.5, B3=761.5, B4=655.0, B5=986.5, B6=1617.5, B7=1869.0, B8=2182.0, B8A=1978.5, B11=1457.0, B12=915.0, VV=-9.745819566975047, VH=-14.64964384972346}",1,36.641985025971785,120.86885186160842,2021-10-01T00:00:00,"{""type"":""MultiPoint"",""coordinates"":[]}"
0_2021_11,"{B2=471.5, B3=753.5, B4=697.0, B5=1081.0, B6=1900.5, B7=2115.0, B8=2471.0, B8A=2266.5, B11=1495.5, B12=925.0, VV=-8.999356968971684, VH=-13.360334721661019}",1,36.641985025971785,120.86885186160842,2021-11-01T00:00:00,"{""type"":""MultiPoint"",""coordinates"":[]}"
0_2021_12,"{B2=465.0, B3=706.5, B4=787.0, B5=1193.0, B6=1566.5, B7=1778.0, B8=2123.0, B8A=1861.0, B11=1422.0, B12=937.5, VV=-9.11684068227246, VH=-14.92505630622687}",1,36.641985025971785,120.86885186160842,2021-12-01T00:00:00,"{""type"":""MultiPoint"",""coordinates"":[]}"
0_2022_01,"{B2=670.0, B3=894.0, B4=1126.0, B5=1332.0, B6=1395.5, B7=1520.0, B8=1769.0, B8A=1681.0, B11=1393.0, B12=884.0, VV=-9.696541599110803, VH=-14.746975992852871}",1,36.641985025971785,120.86885186160842,2022-01-01T00:00:00,"{""type"":""MultiPoint"",""coordinates"":[]}"
0_2022_02,"{B2=626.0, B3=822.0, B4=1128.0, B5=1302.0, B6=1387.0, B7=1462.0, B8=1732.0, B8A=1611.0, B11=1377.0, B12=914.0, VV=-9.365344144110434, VH=-13.875297966130951}",1,36.641985025971785,120.86885186160842,2022-02-01T00:00:00,"{""type"":""MultiPoint"",""coordinates"":[]}"
0_2022_03,"{B2=790.0, B3=1073.0, B4=1456.0, B5=1635.0, B6=1764.0, B7=1855.5, B8=2209.0, B8A=2091.0, B11=1906.5, B12=1419.0, VV=-11.878962337041036, VH=-18.286802087656696}",1,36.641985025971785,120.86885186160842,2022-03-01T00:00:00,"{""type"":""MultiPoint"",""coordinates"":[]}"
0_2022_04,"{B2=750.0, B3=982.0, B4=1246.0, B5=1392.0, B6=1510.0, B7=1636.0, B8=1866.0, B8A=1753.0, B11=2025.0, B12=1507.0, VV=-8.156421846001916, VH=-14.171466112106872}",1,36.641985025971785,120.86885186160842,2022-04-01T00:00:00,"{""type"":""MultiPoint"",""coordinates"":[]}"
0_2022_05,"{B2=691.0, B3=928.5, B4=1115.0, B5=1301.5, B6=1592.0, B7=1727.5, B8=1857.0, B8A=1863.0, B11=2050.5, B12=1623.5, VV=-10.755193830878685, VH=-14.729934484714079}",1,36.641985025971785,120.86885186160842,2022-05-01T00:00:00,"{""type"":""MultiPoint"",""coordinates"":[]}"
0_2022_06,"{B2=752.0, B3=905.0, B4=842.0, B5=1082.0, B6=1591.0, B7=1780.0, B8=1908.0, B8A=1790.0, B11=1801.0, B12=1209.0, VV=-9.939276157917995, VH=-13.905380009078403}",1,36.641985025971785,120.86885186160842,2022-06-01T00:00:00,"{""type"":""MultiPoint"",""coordinates"":[]}"
0_2022_07,"{B2=524.0, B3=700.0, B4=594.0, B5=974.0, B6=1563.0, B7=1841.0, B8=1731.0, B8A=1940.0, B11=1537.0, B12=924.0, VV=-10.520411291536949, VH=-14.89045162620555}",1,36.641985025971785,120.86885186160842,2022-07-01T00:00:00,"{""type"":""MultiPoint"",""coordinates"":[]}"
0_2022_08,"{B2=621.0, B3=795.5, B4=643.0, B5=995.0, B6=2234.5, B7=2630.0, B8=2669.0, B8A=2753.5, B11=1484.0, B12=824.0, VV=-8.950790914938798, VH=-12.56120086055705}",1,36.641985025971785,120.86885186160842,2022-08-01T00:00:00,"{""type"":""MultiPoint"",""coordinates"":[]}"
0_2022_09,"{B2=582.0, B3=834.0, B4=620.0, B5=1056.0, B6=2356.0, B7=2676.0, B8=2706.0, B8A=2792.0, B11=1495.0, B12=770.0, VV=-9.524256343664616, VH=-14.794258369004652}",1,36.641985025971785,120.86885186160842,2022-09-01T00:00:00,"{""type"":""MultiPoint"",""coordinates"":[]}"
0_2022_10,"{B2=542.5, B3=804.5, B4=623.0, B5=1122.0, B6=2316.5, B7=2671.5, B8=2831.0, B8A=2838.5, B11=1457.0, B12=808.5, VV=-9.03475344790766, VH=-12.712302936051922}",1,36.641985025971785,120.86885186160842,2022-10-01T00:00:00,"{""type"":""MultiPoint"",""coordinates"":[]}"
0_2022_11,"{B2=600.0, B3=818.0, B4=702.0, B5=1161.0, B6=2174.0, B7=2487.0, B8=2620.0, B8A=2586.0, B11=1440.0, B12=820.0, VV=-9.846962639238285, VH=-14.579683634122741}",1,36.641985025971785,120.86885186160842,2022-11-01T00:00:00,"{""type"":""MultiPoint"",""coordinates"":[]}"
0_2022_12,"{B2=590.5, B3=751.5, B4=928.0, B5=1193.0, B6=1639.5, B7=1861.0, B8=2081.0, B8A=2064.5, B11=1378.0, B12=808.5, VV=-9.748066111433273, VH=-13.685991183117602}",1,36.641985025971785,120.86885186160842,2022-12-01T00:00:00,"{""type"":""MultiPoint"",""coordinates"":[]}"
0_2023_01,"{B2=727.5, B3=942.5, B4=1268.0, B5=1531.0, B6=1669.5, B7=1850.0, B8=2084.0, B8A=2012.5, B11=1436.0, B12=963.0, VV=-10.840485433495715, VH=-13.142427966007002}",1,36.641985025971785,120.86885186160842,2023-01-01T00:00:00,"{""type"":""MultiPoint"",""coordinates"":[]}"
0_2023_02,"{B2=678.5, B3=903.0, B4=1290.0, B5=1527.5, B6=1606.0, B7=1781.5, B8=2040.0, B8A=1988.5, B11=1860.5, B12=1293.5, VV=-10.452384379140009, VH=-15.860136675842146}",1,36.641985025971785,120.86885186160842,2023-02-01T00:00:00,"{""type"":""MultiPoint"",""coordinates"":[]}"
0_2023_03,"{B2=775.0, B3=1070.0, B4=1490.0, B5=1703.0, B6=1818.0, B7=1978.0, B8=2100.0, B8A=2116.0, B11=2190.0, B12=1612.0, VV=-7.133375936029602, VH=-13.07129534369122}",1,36.641985025971785,120.86885186160842,2023-03-01T00:00:00,"{""type"":""MultiPoint"",""coordinates"":[]}"
0_2023_04,"{B2=769.0, B3=1048.0, B4=1422.0, B5=1632.0, B6=1738.5, B7=1827.5, B8=2097.0, B8A=2033.0, B11=2241.5, B12=1697.5, VV=-13.436352567326715, VH=-20.090875398815044}",1,36.641985025971785,120.86885186160842,2023-04-01T00:00:00,"{""type"":""MultiPoint"",""coordinates"":[]}"
0_2023_05,"{B2=774.5, B3=1024.5, B4=1123.0, B5=1325.0, B6=1451.0, B7=1512.0, B8=1551.0, B8A=1612.5, B11=1877.0, B12=1546.5, VV=-8.352207348330555, VH=-13.762883055407285}",1,36.641985025971785,120.86885186160842,2023-05-01T00:00:00,"{""type"":""MultiPoint"",""coordinates"":[]}"
0_2023_06,"{B2=647.0, B3=867.0, B4=782.0, B5=1198.0, B6=1730.0, B7=1928.0, B8=1962.0, B8A=1998.0, B11=1803.0, B12=1284.0, VV=-8.352207348330555, VH=-13.762883055407285}",1,36.641985025971785,120.86885186160842,2023-06-01T00:00:00,"{""type"":""MultiPoint"",""coordinates"":[]}"
0_2023_07,"{B2=662.0, B3=815.0, B4=788.0, B5=1178.0, B6=1545.0, B7=1727.0, B8=1819.0, B8A=1750.0, B11=1335.5, B12=960.5, VV=-9.04958026966493, VH=-17.73059627092775}",1,36.641985025971785,120.86885186160842,2023-07-01T00:00:00,"{""type"":""MultiPoint"",""coordinates"":[]}"
1_2023_08,"{B2=808.5, B3=993.5, B4=997.0, B5=1225.5, B6=1176.5, B7=1232.0, B8=1221.0, B8A=1200.0, B11=938.5, B12=641.5, VV=-18.750920514107385, VH=-26.803877671645782}",2,36.641985025971785,120.86885186160842,2023-08-01T00:00:00,"{""type"":""MultiPoint"",""coordinates"":[]}"
1_2023_09,"{B2=780.0, B3=1029.0, B4=1003.0, B5=1255.0, B6=1258.0, B7=1334.0, B8=1339.0, B8A=1313.0, B11=1101.5, B12=683.5, VV=-9.574549977968083, VH=-18.71346446570972}",2,36.641985025971785,120.86885186160842,2023-09-01T00:00:00,"{""type"":""MultiPoint"",""coordinates"":[]}"
1_2023_10,"{B2=854.0, B3=1066.0, B4=1038.0, B5=1247.0, B6=1262.0, B7=1264.0, B8=1331.0, B8A=1297.0, B11=1137.0, B12=766.5, VV=-19.15404377962902, VH=-29.095110589766943}",2,36.641985025971785,120.86885186160842,2023-10-01T00:00:00,"{""type"":""MultiPoint"",""coordinates"":[]}"
1_2023_11,"{B2=842.0, B3=1000.0, B4=1008.0, B5=1215.0, B6=1190.0, B7=1233.0, B8=1262.0, B8A=1236.0, B11=1034.0, B12=746.0, VV=-7.836527159987646, VH=-17.23974806024132}",2,36.641985025971785,120.86885186160842,2023-11-01T00:00:00,"{""type"":""MultiPoint"",""coordinates"":[]}"
1_2023_12,"{B2=1215.0, B3=1350.0, B4=1470.0, B5=1526.0, B6=1505.0, B7=1531.5, B8=1675.0, B8A=1519.0, B11=1064.5, B12=860.0, VV=-7.234796736702542, VH=-16.69266831655555}",2,36.641985025971785,120.86885186160842,2023-12-01T00:00:00,"{""type"":""MultiPoint"",""coordinates"":[]}"
1_2024_01,"{B2=748.5, B3=907.5, B4=1069.0, B5=1126.0, B6=1127.0, B7=1155.0, B8=1329.0, B8A=1172.0, B11=1061.0, B12=808.5, VV=-7.06650379408925, VH=-18.37456983939099}",2,36.641985025971785,120.86885186160842,2024-01-01T00:00:00,"{""type"":""MultiPoint"",""coordinates"":[]}"
1_2024_02,"{B2=1067.0, B3=1193.0, B4=1275.0, B5=1388.5, B6=1345.5, B7=1402.5, B8=1539.0, B8A=1386.0, B11=1252.5, B12=926.0, VV=-7.06650379408925, VH=-18.37456983939099}",2,36.641985025971785,120.86885186160842,2024-02-01T00:00:00,"{""type"":""MultiPoint"",""coordinates"":[]}"
1_2024_03,"{B2=764.5, B3=928.5, B4=1273.0, B5=1370.5, B6=1408.0, B7=1451.0, B8=1555.0, B8A=1445.0, B11=1471.5, B12=1126.5, VV=-7.953284732649063, VH=-20.470934216137834}",2,36.641985025971785,120.86885186160842,2024-03-01T00:00:00,"{""type"":""MultiPoint"",""coordinates"":[]}"
1_2024_04,"{B2=816.0, B3=979.5, B4=1162.0, B5=1348.0, B6=1369.5, B7=1463.5, B8=1440.0, B8A=1496.0, B11=1741.5, B12=1462.0, VV=-8.415620343412616, VH=-18.30652537447956}",2,36.641985025971785,120.86885186160842,2024-04-01T00:00:00,"{""type"":""MultiPoint"",""coordinates"":[]}"
1_2024_05,"{B2=925.0, B3=1172.0, B4=1307.0, B5=1474.5, B6=1518.0, B7=1518.5, B8=1607.0, B8A=1568.0, B11=1865.5, B12=1640.0, VV=-12.264853966205235, VH=-22.306456898286594}",2,36.641985025971785,120.86885186160842,2024-05-01T00:00:00,"{""type"":""MultiPoint"",""coordinates"":[]}"
1_2024_06,"{B2=1142.0, B3=1461.0, B4=1794.0, B5=1965.5, B6=1992.0, B7=2157.5, B8=2222.0, B8A=2232.5, B11=2742.0, B12=2588.5, VV=-10.160901323502639, VH=-19.645910401511728}",2,36.641985025971785,120.86885186160842,2024-06-01T00:00:00,"{""type"":""MultiPoint"",""coordinates"":[]}"
1_2024_07,"{B2=750.5, B3=860.5, B4=855.0, B5=1062.0, B6=879.0, B7=926.0, B8=823.0, B8A=814.5, B11=661.0, B12=494.0, VV=-12.234545280920116, VH=-29.871917976195128}",2,36.641985025971785,120.86885186160842,2024-07-01T00:00:00,"{""type"":""MultiPoint"",""coordinates"":[]}"
2_2024_08,"{B2=610.5, B3=732.5, B4=552.5, B5=669.5, B6=495.5, B7=507.0, B8=419.0, B8A=410.5, B11=176.0, B12=126.0, VV=-18.826278275859792, VH=-31.860857443901743}",3,36.641985025971785,120.86885186160842,2024-08-01T00:00:00,"{""type"":""MultiPoint"",""coordinates"":[]}"
2_2024_09,"{B2=489.0, B3=660.0, B4=456.0, B5=561.0, B6=337.0, B7=345.0, B8=265.0, B8A=238.0, B11=120.0, B12=80.0, VV=-19.32637363536529, VH=-30.32441347204561}",3,36.641985025971785,120.86885186160842,2024-09-01T00:00:00,"{""type"":""MultiPoint"",""coordinates"":[]}"
2_2024_10,"{B2=411.0, B3=773.0, B4=497.0, B5=941.0, B6=465.5, B7=446.5, B8=394.0, B8A=293.5, B11=89.5, B12=67.0, VV=-20.68322809842156, VH=-27.985013352942175}",3,36.641985025971785,120.86885186160842,2024-10-01T00:00:00,"{""type"":""MultiPoint"",""coordinates"":[]}"
2_2024_11,"{B2=462.0, B3=802.5, B4=526.0, B5=1026.0, B6=489.0, B7=505.5, B8=449.0, B8A=301.0, B11=118.0, B12=86.0, VV=-18.894312392299906, VH=-31.771619956772746}",3,36.641985025971785,120.86885186160842,2024-11-01T00:00:00,"{""type"":""MultiPoint"",""coordinates"":[]}"
2_2024_12,"{B2=546.0, B3=831.0, B4=612.5, B5=747.5, B6=401.0, B7=368.0, B8=332.0, B8A=235.0, B11=107.0, B12=93.5, VV=-22.275162165519905, VH=-32.611432664838915}",3,36.641985025971785,120.86885186160842,2024-12-01T00:00:00,"{""type"":""MultiPoint"",""coordinates"":[]}"
